{
  "projectname": "ALMusic%20-%20split",
  "setting": {
    "compileHotReLoad": true,
    "urlCheck": false
  },
  "description": "项目私有配置文件。此文件中的内容将覆盖 project.config.json 中的相同字段。项目的改动优先同步到此文件中。详见文档：https://developers.weixin.qq.com/miniprogram/dev/devtools/projectconfig.html",
  "condition": {
    "miniprogram": {
      "list": [
        {
          "name": "home-video",
          "pathName": "pages/home-video/index",
          "query": "",
          "launchMode": "default",
          "scene": null
        },
        {
          "name": "mv dedail",
          "pathName": "pages/detail-video/index",
          "query": "id=14493007",
          "launchMode": "default",
          "scene": null
        },
        {
          "name": "",
          "pathName": "pages/home-music/index",
          "query": "",
          "launchMode": "default",
          "scene": null
        },
        {
          "name": "detail-song",
          "pathName": "pages/detail-song/index",
          "query": "ranking=upRanking",
          "launchMode": "default",
          "scene": null
        },
        {
          "name": "search",
          "pathName": "pages/detail-search/index",
          "query": "",
          "launchMode": "default",
          "scene": null
        },
        {
          "name": "play-music",
          "pathName": "pages/music-player/index",
          "query": "id=1901371647",
          "launchMode": "default",
          "scene": null
        }
      ]
    }
  }
}